id;prep_steps;ingredient_list;cooking_steps
1;connecting;Intelligent global;incubate Configuration
2;demand-driven Account;Operative upward-trending;deploy e-enable
3;neural Small leverage;XML;Lilangeni user-facing
4;Utah Rhode;Representative Lights;generation
5;District;bandwidth Account bluetooth;New
6;Administrator;RSS;Dalasi USB
7;focus;Bulgaria zero;Arab Soap Exclusive
8;red content;salmon withdrawal Tuna;full-range User-centric Soap
9;Accounts network payment;Pound collaborative Bacon;Brazilian Configuration
10;Azerbaijan;loyalty;GB Frozen Burgs
